Evidence,Role,Insights,Example,BLEU,METEOR,R-1,R-2,R-L,Reading ease,Summarizer
plot,off,off,off,0.010272,0.112412,0.352448,0.086957,0.170629,25.0585,bart
plot,off,off,off,0.031368,0.258451,0.5,0.109777,0.190068,31.106287,bert
plot,off,off,off,0.02763,0.200575,0.451613,0.081897,0.167742,14.553863,longformer_ext
plot,off,off,off,0.007453,0.109278,0.291605,0.079764,0.153166,37.110696,t5
plot,off,off,off,0.001528,0.103649,0.286402,0.082027,0.129964,28.452177,bart
plot,off,off,off,0.020564,0.219582,0.492899,0.118828,0.192147,32.757753,bert
plot,off,off,off,0.011616,0.183034,0.436803,0.074488,0.152416,25.654444,longformer_ext
plot,off,off,off,0.001466,0.095201,0.284337,0.062802,0.118072,40.349283,t5
plot,off,off,off,0.011812,0.134853,0.327461,0.130841,0.172021,56.09558,bart
plot,off,off,off,0.039419,0.255503,0.537715,0.164547,0.206124,37.230228,bert
plot,off,off,off,0.033782,0.183038,0.472269,0.116162,0.186555,57.647439,longformer_ext
plot,off,off,off,0.001292,0.081301,0.228128,0.073252,0.124031,59.4643,t5
table,off,off,off,0.020937,0.160139,0.391357,0.072202,0.153661,15.984319,bart
table,off,off,off,0.023665,0.26532,0.385733,0.093915,0.150594,22.609972,bert
table,off,off,off,0.029273,0.195784,0.39243,0.071856,0.149402,24.141471,longformer_ext
table,off,off,off,0.016757,0.135439,0.330749,0.054404,0.147287,40.020649,t5
table,off,off,off,0.005913,0.123975,0.325843,0.085586,0.137079,23.193398,bart
table,off,off,off,0.012625,0.218928,0.441734,0.088195,0.153117,25.28611,bert
table,off,off,off,0.011474,0.169722,0.397059,0.071823,0.147059,28.222011,longformer_ext
table,off,off,off,0.00334,0.103126,0.277842,0.066743,0.119403,31.691813,t5
table,off,off,off,0.011504,0.14346,0.357143,0.121272,0.184524,50.809563,bart
table,off,off,off,0.045056,0.242149,0.492489,0.129496,0.194644,18.222012,bert
table,off,off,off,0.016669,0.160779,0.41136,0.1,0.158348,47.743913,longformer_ext
table,off,off,off,0.001255,0.08869,0.237288,0.050955,0.127119,64.888567,t5
plot+table,off,off,off,0.012008,0.120848,0.32345,0.062162,0.148248,29.505642,bart
plot+table,off,off,off,0.013448,0.251308,0.445743,0.086957,0.173623,30.565957,bert
plot+table,off,off,off,0.026226,0.174072,0.402235,0.06495,0.172067,13.555083,longformer_ext
plot+table,off,off,off,0.016573,0.121875,0.341722,0.074369,0.145695,37.182479,t5
plot+table,off,off,off,0.001524,0.102928,0.278788,0.065614,0.121212,24.509728,bart
plot+table,off,off,off,0.024452,0.207495,0.4608,0.102564,0.1776,37.067814,bert
plot+table,off,off,off,0.013857,0.17119,0.411387,0.068077,0.152433,24.407068,longformer_ext
plot+table,off,off,off,0.00221,0.101731,0.293839,0.064133,0.120853,48.117604,t5
plot+table,off,off,off,0.003496,0.09344,0.253491,0.079656,0.131042,46.139895,bart
plot+table,off,off,off,0.048845,0.243273,0.503153,0.129123,0.193413,33.649163,bert
plot+table,off,off,off,0.022029,0.173266,0.38801,0.076731,0.158201,42.556675,longformer_ext
plot+table,off,off,off,0.001134,0.080353,0.229368,0.038668,0.109325,56.181358,t5
plot,on,off,off,0.017938,0.156964,0.384824,0.100543,0.176152,30.448,bart
plot,on,off,off,0.031972,0.246015,0.481702,0.105712,0.185532,25.782885,bert
plot,on,off,off,0.032609,0.181456,0.413502,0.099366,0.170886,20.175102,longformer_ext
plot,on,off,off,0.000884,0.074129,0.248466,0.027692,0.119632,38.615652,t5
plot,on,off,off,0.003055,0.127693,0.319635,0.04119,0.127854,56.198831,bart
plot,on,off,off,0.018218,0.196433,0.455546,0.086514,0.154107,52.634269,bert
plot,on,off,off,0.004078,0.130515,0.339623,0.048319,0.127883,72.714195,longformer_ext
plot,on,off,off,0.000648,0.085411,0.270807,0.062267,0.121739,67.217151,t5
plot,on,off,off,0.003683,0.104387,0.290221,0.090622,0.155626,44.770552,bart
plot,on,off,off,0.023878,0.233654,0.520463,0.148492,0.211583,37.701009,bert
plot,on,off,off,0.031334,0.207087,0.485106,0.163683,0.200851,41.298049,longformer_ext
plot,on,off,off,0.001748,0.085979,0.266085,0.080874,0.137405,38.532143,t5
table,on,off,off,0.020335,0.162153,0.394705,0.069964,0.170878,29.05875,bart
table,on,off,off,0.019385,0.257047,0.375,0.080545,0.141089,16.653333,bert
table,on,off,off,0.029097,0.190615,0.372093,0.06151,0.148837,38.472201,longformer_ext
table,on,off,off,0.008159,0.12985,0.32419,0.0375,0.119701,44.901403,t5
table,on,off,off,0.006214,0.123198,0.32194,0.059669,0.130099,42.457047,bart
table,on,off,off,0.013357,0.222087,0.433498,0.07611,0.133709,30.03579,bert
table,on,off,off,0.004525,0.129676,0.333977,0.032882,0.138996,63.363744,longformer_ext
table,on,off,off,0.001541,0.094274,0.290822,0.04779,0.128725,54.684287,t5
table,on,off,off,0.003372,0.10452,0.285425,0.075051,0.135628,30.689615,bart
table,on,off,off,0.0262,0.23907,0.454784,0.108924,0.186107,20.613938,bert
table,on,off,off,0.012428,0.166166,0.406518,0.085911,0.157804,38.859694,longformer_ext
table,on,off,off,0.000931,0.075614,0.244111,0.036481,0.111349,33.047308,t5
plot+table,on,off,off,0.017431,0.147022,0.381963,0.090426,0.159151,16.973267,bart
plot+table,on,off,off,0.021748,0.257436,0.400576,0.082251,0.158501,22.119945,bert
plot+table,on,off,off,0.013892,0.170864,0.395324,0.061768,0.142402,37.092452,longformer_ext
plot+table,on,off,off,0.00337,0.116895,0.328,0.034759,0.125333,46.358471,t5
plot+table,on,off,off,0.001894,0.121829,0.335632,0.041475,0.126437,54.126776,bart
plot+table,on,off,off,0.017189,0.199806,0.439705,0.078882,0.149303,42.994277,bert
plot+table,on,off,off,0.009787,0.123964,0.321083,0.050388,0.125725,36.505034,longformer_ext
plot+table,on,off,off,0.001225,0.080862,0.255786,0.04884,0.121803,50.387136,t5
plot+table,on,off,off,0.003288,0.083436,0.238967,0.0863,0.13563,37.023125,bart
plot+table,on,off,off,0.026706,0.233007,0.476471,0.113402,0.185294,39.969723,bert
plot+table,on,off,off,0.017396,0.186128,0.421141,0.107563,0.172819,44.321812,longformer_ext
plot+table,on,off,off,0.001872,0.083515,0.250811,0.067172,0.12973,49.948189,t5
plot,off,on,off,0.008624,0.115539,0.322034,0.05949,0.146893,25.339375,bart
plot,off,on,off,0.024489,0.246474,0.465313,0.101695,0.186125,22.549474,bert
plot,off,on,off,0.027579,0.18709,0.39375,0.075157,0.158333,20.649877,longformer_ext
plot,off,on,off,0.01047,0.115387,0.310296,0.059406,0.157969,21.361627,t5
plot,off,on,off,0.002926,0.104525,0.307329,0.090047,0.130024,22.370588,bart
plot,off,on,off,0.023014,0.218319,0.481052,0.120837,0.188708,33.702247,bert
plot,off,on,off,0.006975,0.181179,0.41989,0.073801,0.145488,21.738931,longformer_ext
plot,off,on,off,0.006201,0.129789,0.354235,0.099228,0.140814,23.121681,t5
plot,off,on,off,0.003928,0.101319,0.27224,0.10956,0.141479,43.339949,bart
plot,off,on,off,0.056118,0.264894,0.521558,0.149025,0.20306,29.023588,bert
plot,off,on,off,0.026323,0.18011,0.409207,0.114432,0.165388,34.360238,longformer_ext
plot,off,on,off,0.006044,0.09957,0.266807,0.084211,0.132353,52.21058,t5
table,off,on,off,0.025813,0.147575,0.365884,0.079306,0.140915,22.203114,bart
table,off,on,off,0.022637,0.236547,0.386318,0.09268,0.151576,13.937084,bert
table,off,on,off,0.02861,0.167823,0.346399,0.052968,0.129444,26.071629,longformer_ext
table,off,on,off,0.014138,0.120513,0.307483,0.057299,0.144218,31.381538,t5
table,off,on,off,0.007427,0.123845,0.33114,0.076923,0.133772,30.891304,bart
table,off,on,off,0.013818,0.223038,0.455923,0.110345,0.161157,20.799841,bert
table,off,on,off,0.009696,0.178081,0.41989,0.081181,0.141805,26.761667,longformer_ext
table,off,on,off,0.001929,0.094842,0.251469,0.054181,0.105758,23.214592,t5
table,off,on,off,0.010018,0.118859,0.3083,0.079208,0.140316,47.443517,bart
table,off,on,off,0.044273,0.261718,0.491039,0.120813,0.185185,20.449353,bert
table,off,on,off,0.011071,0.161403,0.392226,0.092035,0.159011,39.923521,longformer_ext
table,off,on,off,0.001402,0.07799,0.225564,0.051668,0.120301,42.870214,t5
plot+table,off,on,off,0.00747,0.14004,0.37351,0.063745,0.153642,28.54743,bart
plot+table,off,on,off,0.015177,0.250107,0.446945,0.088567,0.163987,19.940166,bert
plot+table,off,on,off,0.01142,0.177124,0.4,0.061002,0.13913,21.397648,longformer_ext
plot+table,off,on,off,0.016302,0.132344,0.371274,0.078804,0.165312,30.600205,t5
plot+table,off,on,off,0.000952,0.097173,0.289505,0.065296,0.125452,32.782,bart
plot+table,off,on,off,0.018683,0.217417,0.474654,0.098462,0.184332,28.420998,bert
plot+table,off,on,off,0.007145,0.191908,0.435107,0.074836,0.136321,29.880733,longformer_ext
plot+table,off,on,off,0.001142,0.087608,0.264885,0.060901,0.111786,33.0065,t5
plot+table,off,on,off,0.009417,0.126469,0.313568,0.096677,0.156784,47.405566,bart
plot+table,off,on,off,0.040184,0.255825,0.477477,0.121134,0.181467,14.463445,bert
plot+table,off,on,off,0.021647,0.159473,0.394247,0.091525,0.155668,35.836537,longformer_ext
plot+table,off,on,off,0.008305,0.108509,0.298688,0.082912,0.147326,45.410283,t5
plot,off,off,on,0.019322,0.164088,0.401525,0.084076,0.160102,25.560569,bart
plot,off,off,on,0.024144,0.254414,0.438486,0.090047,0.165615,17.314848,bert
plot,off,off,on,0.028918,0.179618,0.390977,0.068891,0.161117,4.120691,longformer_ext
plot,off,off,on,0.014024,0.126203,0.31136,0.075949,0.143058,31.434889,t5
plot,off,off,on,0.006562,0.158629,0.396533,0.106406,0.149512,28.520031,bart
plot,off,off,on,0.013302,0.239899,0.50366,0.11437,0.174231,41.821075,bert
plot,off,off,on,0.007204,0.212759,0.502762,0.108856,0.154696,14.290503,longformer_ext
plot,off,off,on,0.004451,0.126926,0.357466,0.086168,0.135747,31.622135,t5
plot,off,off,on,0.018605,0.138126,0.373047,0.119374,0.183594,37.423441,bart
plot,off,off,on,0.067644,0.272337,0.5349,0.155017,0.223912,31.009456,bert
plot,off,off,on,0.014508,0.171066,0.4103,0.082545,0.161373,39.334792,longformer_ext
plot,off,off,on,0.001405,0.095905,0.257384,0.065539,0.130802,53.221648,t5
table,off,off,on,0.021913,0.154921,0.385572,0.089776,0.164179,18.677448,bart
table,off,off,on,0.020024,0.26729,0.41522,0.092246,0.157543,15.747365,bert
table,off,off,on,0.030271,0.212202,0.398222,0.071238,0.158222,29.444515,longformer_ext
table,off,off,on,0.020631,0.155287,0.366234,0.083333,0.166234,18.393406,t5
table,off,off,on,0.006588,0.12414,0.344828,0.089186,0.137931,24.848333,bart
table,off,off,on,0.011355,0.223296,0.468531,0.088235,0.162238,17.780652,bert
table,off,off,on,0.009438,0.175695,0.410681,0.083026,0.141805,20.436585,longformer_ext
table,off,off,on,0.002228,0.10675,0.29036,0.060536,0.123113,41.472418,t5
table,off,off,on,0.011178,0.118298,0.337945,0.108911,0.162055,39.109078,bart
table,off,off,on,0.0335,0.251069,0.482209,0.111794,0.179141,8.402632,bert
table,off,off,on,0.020167,0.160226,0.39322,0.096774,0.154237,41.270053,longformer_ext
table,off,off,on,0.011226,0.115172,0.292929,0.078947,0.153535,35.840395,t5
plot+table,off,off,on,0.017178,0.144015,0.408521,0.075377,0.165414,26.173663,bart
plot+table,off,off,on,0.024168,0.280471,0.425532,0.09233,0.161702,18.079783,bert
plot+table,off,off,on,0.024464,0.155795,0.345123,0.066595,0.150054,34.327427,longformer_ext
plot+table,off,off,on,0.019321,0.138554,0.363399,0.076016,0.16732,42.65206,t5
plot+table,off,off,on,0.007001,0.13327,0.352679,0.098434,0.133929,39.795533,bart
plot+table,off,off,on,0.018521,0.223912,0.458213,0.112554,0.174352,32.491144,bert
plot+table,off,off,on,0.017615,0.181131,0.424128,0.073654,0.145146,44.477321,longformer_ext
plot+table,off,off,on,0.003862,0.123426,0.320455,0.059226,0.129545,33.575676,t5
plot+table,off,off,on,0.011496,0.132123,0.343534,0.102868,0.169793,41.934275,bart
plot+table,off,off,on,0.039364,0.267212,0.523933,0.129534,0.184994,16.702422,bert
plot+table,off,off,on,0.003199,0.109826,0.294906,0.046553,0.11975,39.325527,longformer_ext
plot+table,off,off,on,0.001198,0.091979,0.235419,0.05101,0.123012,53.8725,t5
plot,on,off,on,0.020434,0.167538,0.430845,0.076074,0.166463,30.261295,bart
plot,on,off,on,0.015411,0.27406,0.455376,0.104152,0.172874,12.719389,bert
plot,on,off,on,0.007466,0.145573,0.355951,0.044593,0.115684,16.670882,longformer_ext
plot,on,off,on,0.00383,0.109429,0.337553,0.06488,0.137834,32.152184,t5
plot,on,off,on,0.004686,0.122765,0.351598,0.06865,0.13242,50.470495,bart
plot,on,off,on,0.027512,0.233658,0.516817,0.098603,0.168991,34.37413,bert
plot,on,off,on,0.010515,0.186526,0.429119,0.065259,0.14751,45.524474,longformer_ext
plot,on,off,on,0.00045,0.075216,0.260979,0.037736,0.12798,63.222273,t5
plot,on,off,on,0.003203,0.086438,0.238612,0.076087,0.143167,36.889596,bart
plot,on,off,on,0.039252,0.259639,0.536447,0.136074,0.192498,29.038493,bert
plot,on,off,on,0.010309,0.153633,0.375554,0.079858,0.154119,34.937391,longformer_ext
plot,on,off,on,0.000463,0.077397,0.253275,0.059081,0.128821,41.435148,t5
table,on,off,on,0.02315,0.172948,0.407628,0.0908,0.174017,29.489799,bart
table,on,off,on,0.011658,0.261584,0.372372,0.087793,0.136937,12.775,bert
table,on,off,on,0.031883,0.217234,0.423044,0.086133,0.158212,16.581456,longformer_ext
table,on,off,on,0.005483,0.137624,0.359606,0.041975,0.133005,31.541078,t5
table,on,off,on,0.002556,0.108417,0.293427,0.044706,0.126761,40.615706,bart
table,on,off,on,0.011374,0.222612,0.46875,0.073552,0.142187,28.062456,bert
table,on,off,on,0.011293,0.167073,0.365591,0.043088,0.12724,35.985455,longformer_ext
table,on,off,on,0.000588,0.076587,0.239609,0.039216,0.114914,39.087619,t5
table,on,off,on,0.00569,0.10917,0.308617,0.078313,0.140281,23.626565,bart
table,on,off,on,0.017389,0.254434,0.493917,0.124239,0.180049,21.043774,bert
table,on,off,on,0.003437,0.083659,0.264264,0.070211,0.114114,28.924675,longformer_ext
table,on,off,on,0.0014,0.098536,0.253112,0.051975,0.116183,32.695746,t5
plot+table,on,off,on,0.014397,0.150559,0.391478,0.082777,0.167776,27.627641,bart
plot+table,on,off,on,0.030935,0.266946,0.445714,0.120172,0.175714,13.262634,bert
plot+table,on,off,on,0.026179,0.168655,0.384372,0.05291,0.164731,16.272705,longformer_ext
plot+table,on,off,on,0.006045,0.127969,0.362184,0.064085,0.149134,33.71081,t5
plot+table,on,off,on,0.001836,0.105195,0.26969,0.055024,0.119332,40.048485,bart
plot+table,on,off,on,0.020835,0.227632,0.457143,0.099398,0.148872,25.249744,bert
plot+table,on,off,on,0.008271,0.142188,0.344434,0.049571,0.117983,17.055498,longformer_ext
plot+table,on,off,on,0.000361,0.084271,0.260979,0.05283,0.120452,49.77397,t5
plot+table,on,off,on,0.001617,0.083344,0.236674,0.044872,0.119403,42.01625,bart
plot+table,on,off,on,0.016137,0.226543,0.488921,0.09592,0.180129,16.842444,bert
plot+table,on,off,on,0.01441,0.189999,0.450166,0.083195,0.156146,35.637729,longformer_ext
plot+table,on,off,on,0.001439,0.098901,0.291099,0.052466,0.125654,37.806951,t5
plot,on,on,off,0.009356,0.137811,0.362667,0.066845,0.176,27.959595,bart
plot,on,on,off,0.031669,0.266142,0.470958,0.108491,0.191523,20.572202,bert
plot,on,on,off,0.02031,0.136372,0.347319,0.056075,0.158508,10.872149,longformer_ext
plot,on,on,off,0.004146,0.134367,0.359331,0.061453,0.147632,43.585909,t5
plot,on,on,off,0.003253,0.095997,0.281623,0.052632,0.114558,48.63209,bart
plot,on,on,off,0.028693,0.212149,0.478477,0.102819,0.165563,38.188069,bert
plot,on,on,off,0.019152,0.18712,0.411181,0.088528,0.160505,44.227066,longformer_ext
plot,on,on,off,0.001759,0.096917,0.308789,0.054762,0.130641,46.469392,t5
plot,on,on,off,0.006928,0.115274,0.294239,0.086598,0.144033,39.90125,bart
plot,on,on,off,0.042011,0.226257,0.432011,0.093617,0.165722,19.105685,bert
plot,on,on,off,0.018726,0.168324,0.415759,0.105793,0.154233,38.449376,longformer_ext
plot,on,on,off,0.001895,0.089658,0.255319,0.06823,0.12766,49.59136,t5
table,on,on,off,0.013444,0.173064,0.40753,0.075472,0.179402,26.205215,bart
table,on,on,off,0.010576,0.258658,0.356447,0.081469,0.138682,14.962191,bert
table,on,on,off,0.031481,0.20462,0.411335,0.071429,0.166362,35.700131,longformer_ext
table,on,on,off,0.004344,0.128234,0.317136,0.030769,0.117647,34.162806,t5
table,on,on,off,0.00385,0.118851,0.305987,0.046667,0.128603,34.355692,bart
table,on,on,off,0.019352,0.234498,0.438525,0.079343,0.137978,19.295263,bert
table,on,on,off,0.00915,0.135549,0.327638,0.050352,0.134673,43.968089,longformer_ext
table,on,on,off,0.001174,0.0926,0.289072,0.042403,0.119859,58.641372,t5
table,on,on,off,0.008643,0.119235,0.285431,0.075472,0.142716,21.557985,bart
table,on,on,off,0.019781,0.208273,0.406065,0.085809,0.14766,12.071615,bert
table,on,on,off,0.009672,0.139647,0.344765,0.074141,0.148014,36.78471,longformer_ext
table,on,on,off,0.001346,0.0899,0.266802,0.046939,0.114053,17.868529,t5
plot+table,on,on,off,0.009391,0.14804,0.366879,0.081737,0.147771,26.89232,bart
plot+table,on,on,off,0.014418,0.262864,0.440367,0.091873,0.152435,3.929147,bert
plot+table,on,on,off,0.027627,0.178204,0.403471,0.080435,0.154013,30.485864,longformer_ext
plot+table,on,on,off,0.003734,0.116278,0.313287,0.042076,0.117483,20.625432,t5
plot+table,on,on,off,0.003755,0.116071,0.311991,0.056009,0.130384,58.558326,bart
plot+table,on,on,off,0.016926,0.200283,0.426757,0.089907,0.145639,32.270668,bert
plot+table,on,on,off,0.008629,0.163128,0.367647,0.060773,0.136029,56.504,longformer_ext
plot+table,on,on,off,0.00053,0.089335,0.264851,0.062035,0.133663,54.608341,t5
plot+table,on,on,off,0.001618,0.083544,0.248128,0.068596,0.128342,36.678053,bart
plot+table,on,on,off,0.037478,0.235364,0.485969,0.100069,0.172485,20.400165,bert
plot+table,on,on,off,0.017756,0.15897,0.395741,0.087111,0.145519,35.345378,longformer_ext
plot+table,on,on,off,0.001629,0.078125,0.255411,0.075922,0.132035,48.859378,t5
plot,off,on,on,0.01681,0.136795,0.37859,0.078534,0.159269,23.893753,bart
plot,off,on,on,0.020252,0.267186,0.438479,0.086632,0.161074,22.121866,bert
plot,off,on,on,0.029587,0.213918,0.456906,0.079084,0.166147,20.299312,longformer_ext
plot,off,on,on,0.01893,0.140183,0.376502,0.096386,0.154873,34.012423,t5
plot,off,on,on,0.006859,0.139791,0.401747,0.091904,0.148472,42.774118,bart
plot,off,on,on,0.026538,0.252487,0.503226,0.122039,0.180645,33.315393,bert
plot,off,on,on,0.010187,0.205264,0.493694,0.095668,0.162162,27.53381,longformer_ext
plot,off,on,on,0.004972,0.121718,0.342404,0.079545,0.138322,34.326636,t5
plot,off,on,on,0.018893,0.140355,0.332685,0.097466,0.167315,34.842039,bart
plot,off,on,on,0.035244,0.276107,0.51045,0.140774,0.182394,18.324257,bert
plot,off,on,on,0.014725,0.170659,0.403624,0.079208,0.163097,19.557453,longformer_ext
plot,off,on,on,0.003162,0.101598,0.274143,0.05411,0.11838,33.662595,t5
table,off,on,on,0.027015,0.178753,0.44392,0.089941,0.172373,17.108824,bart
table,off,on,on,0.014366,0.274645,0.390635,0.092535,0.149107,16.72658,bert
table,off,on,on,0.030622,0.193551,0.393627,0.065728,0.148079,-0.040079,longformer_ext
table,off,on,on,0.032045,0.170595,0.400955,0.098086,0.181384,24.99669,t5
table,off,on,on,0.00637,0.127366,0.331096,0.08296,0.138702,35.948968,bart
table,off,on,on,0.017184,0.23045,0.45757,0.097893,0.165648,24.990366,bert
table,off,on,on,0.008882,0.183524,0.407678,0.065934,0.142596,23.554974,longformer_ext
table,off,on,on,0.00587,0.122581,0.338673,0.09633,0.135011,32.851136,t5
table,off,on,on,0.013485,0.142006,0.358349,0.080827,0.159475,43.693092,bart
table,off,on,on,0.022275,0.26325,0.464957,0.110667,0.165242,12.020177,bert
table,off,on,on,0.013907,0.148866,0.362375,0.074131,0.143408,40.131142,longformer_ext
table,off,on,on,0.006974,0.118197,0.293942,0.063682,0.12711,39.596549,t5
plot+table,off,on,on,0.022875,0.167521,0.415385,0.084833,0.182051,29.156872,bart
plot+table,off,on,on,0.023,0.276363,0.444287,0.089552,0.161817,18.855201,bert
plot+table,off,on,on,0.004903,0.10417,0.23908,0.020737,0.101149,-10.332589,longformer_ext
plot+table,off,on,on,0.022455,0.166518,0.402532,0.071066,0.172152,24.244825,t5
plot+table,off,on,on,0.006936,0.142933,0.370614,0.103297,0.149123,17.137846,bart
plot+table,off,on,on,0.021342,0.223907,0.477306,0.102639,0.168375,30.79738,bert
plot+table,off,on,on,0.01665,0.185489,0.436063,0.086636,0.136155,34.100233,longformer_ext
plot+table,off,on,on,0.002939,0.105929,0.297674,0.074592,0.123256,26.064643,t5
plot+table,off,on,on,0.007292,0.131203,0.321254,0.090285,0.135162,33.133926,bart
plot+table,off,on,on,0.035721,0.283877,0.510293,0.132417,0.177168,16.109428,bert
plot+table,off,on,on,0.014113,0.152945,0.373473,0.089161,0.148342,34.328644,longformer_ext
plot+table,off,on,on,0.009573,0.112836,0.289181,0.079027,0.145602,45.392115,t5
plot,on,on,on,0.025955,0.188996,0.45679,0.108911,0.17037,31.970418,bart
plot,on,on,on,0.015704,0.273299,0.450604,0.103915,0.163468,13.779002,bert
plot,on,on,on,0.032307,0.196195,0.431915,0.100213,0.16383,24.295845,longformer_ext
plot,on,on,on,0.003927,0.118591,0.328191,0.061885,0.129032,32.300934,t5
plot,on,on,on,0.003139,0.105308,0.309859,0.054118,0.14554,56.988062,bart
plot,on,on,on,0.015061,0.230166,0.488152,0.082278,0.156398,28.123042,bert
plot,on,on,on,0.013484,0.188253,0.394316,0.05516,0.133215,32.349495,longformer_ext
plot,on,on,on,0.000954,0.074222,0.25894,0.064277,0.130703,49.41609,t5
plot,on,on,on,0.003108,0.097858,0.255983,0.070907,0.133195,29.478634,bart
plot,on,on,on,0.019733,0.243698,0.516584,0.118728,0.180663,25.809474,bert
plot,on,on,on,0.021601,0.148887,0.39784,0.13165,0.171017,47.8325,longformer_ext
plot,on,on,on,0.000983,0.07262,0.216393,0.065717,0.120219,30.910397,t5
table,on,on,on,0.014879,0.179073,0.424102,0.092915,0.162225,17.790518,bart
table,on,on,on,0.011564,0.26429,0.374856,0.086605,0.140715,11.348891,bert
table,on,on,on,0.028368,0.193035,0.396117,0.064202,0.151456,21.582963,longformer_ext
table,on,on,on,0.008208,0.152643,0.398022,0.061958,0.143387,21.59198,t5
table,on,on,on,0.004883,0.122766,0.301762,0.055188,0.123348,40.462971,bart
table,on,on,on,0.012021,0.227665,0.444444,0.072289,0.128804,24.807877,bert
table,on,on,on,0.007885,0.151778,0.343629,0.052224,0.131274,30.265292,longformer_ext
table,on,on,on,0.002197,0.096889,0.306604,0.06383,0.125,46.407352,t5
table,on,on,on,0.005478,0.107493,0.297619,0.059642,0.154762,24.855987,bart
table,on,on,on,0.01448,0.22994,0.446877,0.085106,0.167418,21.62921,bert
table,on,on,on,0.018241,0.166529,0.441077,0.112985,0.176768,42.103194,longformer_ext
table,on,on,on,0.002576,0.101646,0.263534,0.04913,0.124617,33.534545,t5
plot+table,on,on,on,0.021514,0.170469,0.400485,0.07056,0.17233,18.767838,bart
plot+table,on,on,on,0.020707,0.26777,0.405836,0.092961,0.155172,13.506227,bert
plot+table,on,on,on,0.029479,0.219572,0.438144,0.070568,0.147766,26.655478,longformer_ext
plot+table,on,on,on,0.00558,0.118634,0.341207,0.039474,0.131234,30.645135,t5
plot+table,on,on,on,0.002962,0.121085,0.312644,0.048387,0.128736,34.748001,bart
plot+table,on,on,on,0.020348,0.208229,0.437834,0.088617,0.141876,21.326477,bert
plot+table,on,on,on,0.003263,0.107198,0.288253,0.027695,0.112537,32.29,longformer_ext
plot+table,on,on,on,0.004358,0.133286,0.356902,0.074241,0.136925,36.040992,t5
plot+table,on,on,on,0.012635,0.125504,0.326255,0.087041,0.146718,28.674118,bart
plot+table,on,on,on,0.013753,0.235209,0.449482,0.095979,0.164508,16.751788,bert
plot+table,on,on,on,0.00971,0.154739,0.367237,0.06853,0.136814,38.165098,longformer_ext
plot+table,on,on,on,0.001692,0.091743,0.256572,0.054795,0.130389,35.197714,t5
plot,off,off,off,0.007584,0.09833,0.295552,0.071942,0.149211,22.493326,bart
plot,off,off,off,0.02914,0.252022,0.484483,0.115717,0.2,30.434322,bert
plot,off,off,off,0.028525,0.173348,0.373057,0.060228,0.159585,19.243369,longformer_ext
plot,off,off,off,0.007314,0.106418,0.296623,0.070692,0.155653,26.415,t5
plot,off,off,off,0.001649,0.106457,0.308434,0.103865,0.139759,26.058567,bart
plot,off,off,off,0.020367,0.218405,0.50627,0.119309,0.19279,44.433602,bert
plot,off,off,off,0.01162,0.184438,0.447344,0.082166,0.160298,46.254811,longformer_ext
plot,off,off,off,0.001031,0.081711,0.250608,0.05122,0.107056,41.905,t5
plot,off,off,off,0.004229,0.115746,0.294804,0.121148,0.159067,50.345036,bart
plot,off,off,off,0.056873,0.265756,0.543085,0.17694,0.221579,38.989888,bert
plot,off,off,off,0.003377,0.070863,0.192385,0.046185,0.106212,62.803247,longformer_ext
plot,off,off,off,0.000962,0.064935,0.213333,0.071269,0.115556,57.8548,t5
table,off,off,off,0.013152,0.163439,0.397714,0.077892,0.141714,19.631786,bart
table,off,off,off,0.016931,0.248159,0.370027,0.077025,0.14191,19.05641,bert
table,off,off,off,0.014786,0.187688,0.345083,0.063197,0.122449,27.800862,longformer_ext
table,off,off,off,0.023973,0.156057,0.378653,0.073885,0.155019,26.156204,t5
table,off,off,off,0.00427,0.12651,0.329944,0.08154,0.135593,15.904641,bart
table,off,off,off,0.015626,0.242882,0.489768,0.10929,0.171896,31.71283,bert
table,off,off,off,0.006252,0.155601,0.376294,0.069746,0.137347,43.805893,longformer_ext
table,off,off,off,0.001167,0.091774,0.269822,0.049822,0.125444,50.865272,t5
table,off,off,off,0.009452,0.138553,0.367464,0.082454,0.160766,45.526938,bart
table,off,off,off,0.056204,0.266087,0.488671,0.129982,0.193509,18.562983,bert
table,off,off,off,0.022791,0.179618,0.418136,0.100925,0.152813,44.173864,longformer_ext
table,off,off,off,0.001792,0.089297,0.250777,0.051921,0.116062,57.147905,t5
plot+table,off,off,off,0.014166,0.117018,0.289406,0.049223,0.160207,38.471693,bart
plot+table,off,off,off,0.01722,0.230025,0.427962,0.080273,0.175618,26.300708,bert
plot+table,off,off,off,0.031291,0.183815,0.398268,0.08243,0.164502,26.142959,longformer_ext
plot+table,off,off,off,0.015855,0.136469,0.371777,0.081633,0.157395,41.449381,t5
plot+table,off,off,off,0.00147,0.102134,0.271726,0.078528,0.119951,25.774126,bart
plot+table,off,off,off,0.0195,0.193585,0.441059,0.081928,0.182839,45.675,bert
plot+table,off,off,off,0.009897,0.196938,0.439158,0.084326,0.133577,43.989502,longformer_ext
plot+table,off,off,off,0.00098,0.085729,0.259169,0.056373,0.112469,57.348247,t5
plot+table,off,off,off,0.002569,0.101489,0.246862,0.054507,0.115063,38.722775,bart
plot+table,off,off,off,0.035546,0.246404,0.515946,0.120653,0.197023,35.858292,bert
plot+table,off,off,off,0.005471,0.118381,0.32699,0.05026,0.145329,43.476299,longformer_ext
plot+table,off,off,off,0.001054,0.073371,0.20155,0.048835,0.117386,70.811183,t5
plot,on,off,off,0.011374,0.127757,0.354749,0.078431,0.164804,21.469124,bart
plot,on,off,off,0.030319,0.269544,0.479798,0.106239,0.181818,21.322888,bert
plot,on,off,off,0.027433,0.170757,0.448513,0.08945,0.171625,28.965471,longformer_ext
plot,on,off,off,0.001664,0.082371,0.261002,0.05175,0.109256,40.054836,t5
plot,on,off,off,0.002429,0.11632,0.322054,0.049123,0.128355,61.153188,bart
plot,on,off,off,0.024858,0.2159,0.48,0.097187,0.168511,37.622077,bert
plot,on,off,off,0.004235,0.144596,0.376812,0.053942,0.138716,36.682434,longformer_ext
plot,on,off,off,0.000455,0.080165,0.245658,0.042289,0.121588,55.254143,t5
plot,on,off,off,0.005264,0.096724,0.273885,0.097872,0.150743,41.396591,bart
plot,on,off,off,0.032571,0.241161,0.507192,0.128886,0.190765,33.527695,bert
plot,on,off,off,0.030233,0.158918,0.407733,0.144366,0.168717,39.047759,longformer_ext
plot,on,off,off,0.000865,0.077343,0.226919,0.069119,0.122358,23.267016,t5
table,on,off,off,0.024984,0.180411,0.422947,0.092446,0.16198,22.314001,bart
table,on,off,off,0.013143,0.261993,0.372593,0.085034,0.130238,10.490843,bert
table,on,off,off,0.031055,0.161768,0.34476,0.076546,0.146915,31.128385,longformer_ext
table,on,off,off,0.004502,0.118534,0.328553,0.052288,0.127771,39.749142,t5
table,on,off,off,0.004704,0.13133,0.311457,0.055741,0.122358,33.900152,bart
table,on,off,off,0.015436,0.225508,0.450883,0.069356,0.141343,24.505503,bert
table,on,off,off,0.006586,0.125336,0.332645,0.037267,0.11157,35.828227,longformer_ext
table,on,off,off,0.002065,0.099993,0.298021,0.053676,0.125728,45.25461,t5
table,on,off,off,0.005939,0.118829,0.331384,0.083984,0.150097,31.294406,bart
table,on,off,off,0.02065,0.252135,0.46894,0.115854,0.171742,19.891119,bert
table,on,off,off,0.027319,0.166341,0.412564,0.105442,0.156197,32.635567,longformer_ext
table,on,off,off,0.001059,0.093338,0.270157,0.052466,0.129843,35.286571,t5
plot+table,on,off,off,0.013933,0.162012,0.39599,0.092965,0.177945,29.090632,bart
plot+table,on,off,off,0.015827,0.251063,0.427052,0.089802,0.158055,22.918167,bert
plot+table,on,off,off,0.013231,0.152102,0.37863,0.058207,0.125436,38.536765,longformer_ext
plot+table,on,off,off,0.003569,0.100277,0.288543,0.034043,0.12447,33.3352,t5
plot+table,on,off,off,0.00179,0.094332,0.276923,0.04745,0.125444,52.308,bart
plot+table,on,off,off,0.018273,0.208681,0.461412,0.082237,0.152709,42.262745,bert
plot+table,on,off,off,0.00811,0.145518,0.385797,0.065385,0.140115,57.744864,longformer_ext
plot+table,on,off,off,0.000511,0.07173,0.2397,0.045056,0.117353,58.537246,t5
plot+table,on,off,off,0.003325,0.08389,0.196332,0.056216,0.116505,35.005603,bart
plot+table,on,off,off,0.031612,0.223612,0.472262,0.119658,0.182077,28.892123,bert
plot+table,on,off,off,0.004516,0.130314,0.34347,0.051971,0.137746,40.867626,longformer_ext
plot+table,on,off,off,0.001217,0.070198,0.224401,0.054585,0.122004,53.644792,t5
plot,off,on,off,0.009334,0.105341,0.308345,0.08227,0.149929,3.557804,bart
plot,off,on,off,0.03126,0.250581,0.456652,0.101462,0.181974,24.079965,bert
plot,off,on,off,0.030202,0.213438,0.461216,0.090336,0.167715,26.749283,longformer_ext
plot,off,on,off,0.013494,0.117046,0.316804,0.066298,0.162534,26.203,t5
plot,off,on,off,0.002236,0.100248,0.28468,0.094317,0.125452,31.067778,bart
plot,off,on,off,0.023018,0.225222,0.511481,0.117367,0.194774,38.182432,bert
plot,off,on,off,0.011341,0.192343,0.454124,0.089136,0.144578,27.770475,longformer_ext
plot,off,on,off,0.001559,0.092807,0.272838,0.078144,0.121803,27.423862,t5
plot,off,on,off,0.016263,0.126816,0.29029,0.116349,0.154154,41.144798,bart
plot,off,on,off,0.0458,0.259744,0.530334,0.14198,0.194956,22.743268,bert
plot,off,on,off,0.009816,0.131566,0.347137,0.07767,0.144493,42.063862,longformer_ext
plot,off,on,off,0.00489,0.101065,0.2881,0.096234,0.14405,45.180617,t5
table,off,on,off,0.017376,0.169544,0.422535,0.103529,0.159624,26.948156,bart
table,off,on,off,0.012189,0.266072,0.381538,0.093654,0.147692,15.337952,bert
table,off,on,off,0.029399,0.216639,0.404887,0.066434,0.153578,5.830558,longformer_ext
table,off,on,off,0.022601,0.161257,0.386935,0.070529,0.153266,24.80679,t5
table,off,on,off,0.009375,0.127915,0.321663,0.083333,0.126915,27.469327,bart
table,off,on,off,0.021351,0.225717,0.464387,0.112696,0.165242,22.725885,bert
table,off,on,off,0.012723,0.181299,0.430403,0.080734,0.144689,46.282528,longformer_ext
table,off,on,off,0.00485,0.123048,0.325942,0.064444,0.133038,37.720221,t5
table,off,on,off,0.016891,0.133666,0.31454,0.105055,0.158259,44.682361,bart
table,off,on,off,0.027501,0.257289,0.48525,0.120555,0.17941,23.505973,bert
table,off,on,off,0.014475,0.191665,0.422094,0.092486,0.163232,29.509497,longformer_ext
table,off,on,off,0.006298,0.113519,0.298805,0.085828,0.143426,49.480759,t5
plot+table,off,on,off,0.017619,0.13081,0.348868,0.077437,0.146471,8.866204,bart
plot+table,off,on,off,0.018846,0.237096,0.433566,0.091829,0.175602,19.766745,bert
plot+table,off,on,off,0.021044,0.152724,0.358209,0.06214,0.144661,9.12947,longformer_ext
plot+table,off,on,off,0.023079,0.164149,0.384713,0.0894,0.155414,26.207973,t5
plot+table,off,on,off,0.001672,0.106096,0.312719,0.074854,0.128355,30.240792,bart
plot+table,off,on,off,0.014737,0.187615,0.416731,0.083786,0.173509,36.129839,bert
plot+table,off,on,off,0.009469,0.175287,0.412785,0.069533,0.140639,26.557131,longformer_ext
plot+table,off,on,off,0.003021,0.105017,0.294664,0.074419,0.12529,21.576383,t5
plot+table,off,on,off,0.009598,0.127948,0.354187,0.088717,0.159769,42.03084,bart
plot+table,off,on,off,0.042979,0.272929,0.526654,0.124759,0.193963,22.638273,bert
plot+table,off,on,off,0.018921,0.179979,0.413678,0.081871,0.160133,38.898413,longformer_ext
plot+table,off,on,off,0.006022,0.108524,0.284264,0.065107,0.13198,42.439388,t5
plot,off,off,on,0.019018,0.17707,0.413793,0.087068,0.166028,23.788487,bart
plot,off,off,on,0.024388,0.267551,0.462822,0.092705,0.176024,18.283336,bert
plot,off,off,on,0.013437,0.183778,0.403766,0.062893,0.133891,19.344446,longformer_ext
plot,off,off,on,0.01488,0.13441,0.357923,0.071233,0.150273,35.387299,t5
plot,off,off,on,0.002952,0.106274,0.296651,0.079137,0.126794,25.436806,bart
plot,off,off,on,0.018641,0.216071,0.494172,0.113619,0.181818,31.098831,bert
plot,off,off,on,0.007619,0.192621,0.45438,0.080439,0.162409,27.517368,longformer_ext
plot,off,off,on,0.001974,0.100251,0.286391,0.071174,0.123077,35.556885,t5
plot,off,off,on,0.004015,0.106266,0.291837,0.059305,0.132653,27.544525,bart
plot,off,off,on,0.043631,0.268757,0.521622,0.132612,0.194595,16.363043,bert
plot,off,off,on,5e-06,0.038304,0.153846,0.027083,0.099792,21.14125,longformer_ext
plot,off,off,on,0.003119,0.103932,0.272165,0.061983,0.140206,30.206066,t5
table,off,off,on,0.032612,0.189567,0.448747,0.116438,0.177677,16.315074,bart
table,off,off,on,0.016906,0.277892,0.396586,0.098619,0.148391,11.851591,bert
table,off,off,on,0.049199,0.216807,0.445076,0.092979,0.157197,18.084174,longformer_ext
table,off,off,on,0.022128,0.151943,0.366625,0.07858,0.156764,35.560522,t5
table,off,off,on,0.00389,0.12253,0.330317,0.06576,0.131222,38.108859,bart
table,off,off,on,0.016014,0.23245,0.465214,0.098522,0.16163,22.238065,bert
table,off,off,on,0.014197,0.174266,0.398917,0.068716,0.138989,29.780526,longformer_ext
table,off,off,on,0.003787,0.110972,0.317972,0.066975,0.135945,31.815511,t5
table,off,off,on,0.022423,0.172166,0.405823,0.111212,0.189263,44.3125,bart
table,off,off,on,0.025845,0.262633,0.439536,0.101714,0.170072,13.364553,bert
table,off,off,on,0.021231,0.200646,0.434848,0.109256,0.177273,29.742847,longformer_ext
table,off,off,on,0.004234,0.116721,0.315476,0.071571,0.142857,39.907742,t5
plot+table,off,off,on,0.009766,0.124445,0.33931,0.06639,0.171034,20.198307,bart
plot+table,off,off,on,0.028155,0.270781,0.450663,0.113569,0.170839,17.203193,bert
plot+table,off,off,on,0.028746,0.195804,0.425131,0.075551,0.157068,22.544229,longformer_ext
plot+table,off,off,on,0.015981,0.142385,0.37551,0.079127,0.165986,30.622755,t5
plot+table,off,off,on,0.003205,0.133655,0.369892,0.075431,0.133333,37.748693,bart
plot+table,off,off,on,0.018419,0.223699,0.470085,0.11127,0.172365,27.253586,bert
plot+table,off,off,on,0.005884,0.125162,0.360515,0.066667,0.124464,29.87031,longformer_ext
plot+table,off,off,on,0.005686,0.130036,0.350282,0.0906,0.149153,27.827124,t5
plot+table,off,off,on,0.011022,0.134925,0.371014,0.100678,0.166184,46.817225,bart
plot+table,off,off,on,0.039499,0.249366,0.492866,0.114286,0.181582,17.78193,bert
plot+table,off,off,on,0.005581,0.137931,0.328417,0.065025,0.151426,50.482591,longformer_ext
plot+table,off,off,on,0.009315,0.119782,0.322134,0.077228,0.160079,54.183688,t5
plot,on,off,on,0.007366,0.158675,0.398936,0.090667,0.175532,28.991047,bart
plot,on,off,on,0.015311,0.28111,0.47146,0.10245,0.163084,18.272222,bert
plot,on,off,on,0.026223,0.170496,0.402597,0.084599,0.166667,29.508724,longformer_ext
plot,on,off,on,0.004391,0.117336,0.315642,0.064426,0.136872,26.201818,t5
plot,on,off,on,0.004017,0.12369,0.322054,0.074854,0.126021,45.313172,bart
plot,on,off,on,0.024493,0.239833,0.501913,0.104215,0.159143,33.344405,bert
plot,on,off,on,0.01119,0.175431,0.39779,0.068266,0.127072,19.461897,longformer_ext
plot,on,off,on,0.000216,0.064044,0.227273,0.03038,0.106061,52.783278,t5
plot,on,off,on,0.009279,0.110915,0.295833,0.096033,0.164583,38.778599,bart
plot,on,off,on,0.032144,0.244693,0.523272,0.137006,0.197461,24.833266,bert
plot,on,off,on,0.013604,0.164009,0.416313,0.093617,0.159728,26.758084,longformer_ext
plot,on,off,on,0.00071,0.075746,0.246753,0.052061,0.127706,41.483501,t5
table,on,off,on,0.031894,0.182882,0.431507,0.098398,0.178082,27.971911,bart
table,on,off,on,0.011019,0.259451,0.402897,0.089651,0.146149,11.557858,bert
table,on,off,on,0.011294,0.193762,0.393617,0.053286,0.129433,24.948173,longformer_ext
table,on,off,on,0.006231,0.130211,0.359946,0.065129,0.132612,31.679688,t5
table,on,off,on,0.003794,0.112302,0.310268,0.058166,0.125,35.262051,bart
table,on,off,on,0.014166,0.232355,0.436338,0.077364,0.141631,26.88545,bert
table,on,off,on,0.006211,0.132757,0.352098,0.061538,0.13306,58.22304,longformer_ext
table,on,off,on,0.001238,0.08569,0.259953,0.039906,0.119438,38.633793,t5
table,on,off,on,0.005905,0.107092,0.305609,0.054264,0.141199,32.401337,bart
table,on,off,on,0.016508,0.25617,0.475271,0.113527,0.170084,17.584037,bert
table,on,off,on,0.012844,0.153612,0.403035,0.094595,0.175379,24.37406,longformer_ext
table,on,off,on,0.004476,0.116232,0.318548,0.060606,0.139113,40.590208,t5
plot+table,on,off,on,0.007919,0.140892,0.386842,0.073879,0.165789,28.382483,bart
plot+table,on,off,on,0.018419,0.262912,0.441011,0.097046,0.167135,17.471453,bert
plot+table,on,off,on,0.013954,0.17664,0.431461,0.072072,0.141573,22.346049,longformer_ext
plot+table,on,off,on,0.003829,0.110097,0.30982,0.041609,0.130014,35.100512,t5
plot+table,on,off,on,0.003127,0.102996,0.264871,0.033746,0.107744,50.3925,bart
plot+table,on,off,on,0.022452,0.230129,0.458941,0.092237,0.150422,29.379451,bert
plot+table,on,off,on,0.01001,0.142671,0.349362,0.055064,0.127576,29.589287,longformer_ext
plot+table,on,off,on,0.001964,0.08584,0.269822,0.05694,0.12071,56.7,t5
plot+table,on,off,on,0.005617,0.14015,0.359922,0.08577,0.155642,39.336971,bart
plot+table,on,off,on,0.019695,0.252701,0.498386,0.107304,0.171724,20.597414,bert
plot+table,on,off,on,0.0154,0.178281,0.406328,0.093411,0.156536,31.807474,longformer_ext
plot+table,on,off,on,0.003789,0.124406,0.342971,0.07992,0.143569,46.890076,t5
plot,on,on,off,0.003636,0.118664,0.335227,0.062678,0.153409,22.75042,bart
plot,on,on,off,0.033189,0.255175,0.466497,0.11215,0.186599,10.437254,bert
plot,on,on,off,0.012619,0.09417,0.275497,0.063745,0.137748,23.289667,longformer_ext
plot,on,on,off,0.005024,0.114316,0.312849,0.058824,0.111732,23.953936,t5
plot,on,on,off,0.001215,0.098706,0.270659,0.048019,0.11018,41.34824,bart
plot,on,on,off,0.019773,0.231665,0.498736,0.106329,0.158382,33.418864,bert
plot,on,on,off,0.009499,0.173152,0.383017,0.066968,0.140921,52.657704,longformer_ext
plot,on,on,off,0.000701,0.077691,0.25062,0.054726,0.119107,54.587632,t5
plot,on,on,off,0.0031,0.087297,0.250797,0.076677,0.119022,40.591439,bart
plot,on,on,off,0.019557,0.240723,0.488045,0.105634,0.178622,28.158333,bert
plot,on,on,off,0.021707,0.180189,0.442017,0.112795,0.157983,35.910801,longformer_ext
plot,on,on,off,0.002766,0.089827,0.268817,0.092672,0.133333,47.54244,t5
table,on,on,off,0.011347,0.164104,0.38255,0.073991,0.154362,31.56661,bart
table,on,on,off,0.013791,0.265721,0.376109,0.093546,0.137197,9.855982,bert
table,on,on,off,0.004721,0.128386,0.290221,0.014752,0.100946,10.915052,longformer_ext
table,on,on,off,0.005438,0.11792,0.307298,0.030809,0.115237,39.977162,t5
table,on,on,off,0.004655,0.106995,0.2949,0.062222,0.117517,31.219704,bart
table,on,on,off,0.014716,0.21107,0.407616,0.070621,0.135402,22.76516,bert
table,on,on,off,0.002132,0.091946,0.2949,0.042222,0.113082,62.947611,longformer_ext
table,on,on,off,0.002068,0.09482,0.26384,0.049587,0.117786,47.611313,t5
table,on,on,off,0.005409,0.123462,0.298565,0.055609,0.130144,30.202805,bart
table,on,on,off,0.007695,0.254831,0.457933,0.074609,0.149038,20.299609,bert
table,on,on,off,0.011989,0.165386,0.388158,0.067545,0.141447,31.80363,longformer_ext
table,on,on,off,0.00304,0.099969,0.287741,0.04467,0.129686,35.168193,t5
plot+table,on,on,off,0.019413,0.178958,0.420272,0.069393,0.177998,23.288393,bart
plot+table,on,on,off,0.014698,0.270049,0.416988,0.094072,0.160875,13.330799,bert
plot+table,on,on,off,0.011689,0.193349,0.440228,0.058935,0.140417,20.361504,longformer_ext
plot+table,on,on,off,0.004257,0.104809,0.309783,0.035422,0.130435,28.05,t5
plot+table,on,on,off,0.002947,0.122823,0.3125,0.055684,0.127315,39.539355,bart
plot+table,on,on,off,0.02793,0.21587,0.446241,0.089069,0.14713,28.130504,bert
plot+table,on,on,off,0.008368,0.141064,0.354962,0.057361,0.127863,37.347976,longformer_ext
plot+table,on,on,off,0.000649,0.088376,0.265356,0.051724,0.115479,54.452923,t5
plot+table,on,on,off,0.002719,0.085886,0.24866,0.081633,0.137192,46.985861,bart
plot+table,on,on,off,0.046489,0.238381,0.486981,0.118393,0.191414,23.017679,bert
plot+table,on,on,off,0.012073,0.154994,0.366696,0.078083,0.148804,39.180247,longformer_ext
plot+table,on,on,off,0.000991,0.084067,0.257113,0.048574,0.118019,27.624302,t5
plot,off,on,on,0.010106,0.141715,0.350785,0.07874,0.138743,28.205707,bart
plot,off,on,on,0.02072,0.260897,0.43865,0.086022,0.16411,14.91039,bert
plot,off,on,on,0.029933,0.212125,0.461059,0.085328,0.168224,15.698602,longformer_ext
plot,off,on,on,0.01435,0.131429,0.36214,0.074278,0.148148,27.700526,t5
plot,off,on,on,0.005237,0.135262,0.359777,0.089586,0.15419,33.458663,bart
plot,off,on,on,0.018383,0.210935,0.457478,0.118943,0.184751,31.891794,bert
plot,off,on,on,0.01213,0.183595,0.430657,0.093236,0.153285,21.823111,longformer_ext
plot,off,on,on,0.005508,0.123384,0.346546,0.077185,0.142695,31.569728,t5
plot,off,on,on,0.007298,0.135227,0.359528,0.096457,0.168959,25.411646,bart
plot,off,on,on,0.029406,0.241205,0.480469,0.114733,0.179687,13.985507,bert
plot,off,on,on,0.013778,0.185407,0.418985,0.096721,0.162029,33.375209,longformer_ext
plot,off,on,on,0.004907,0.122095,0.314,0.072144,0.144,35.683869,t5
table,off,on,on,0.022784,0.181935,0.417266,0.091346,0.165468,16.246778,bart
table,off,on,on,0.02275,0.271452,0.398496,0.091593,0.152882,15.24525,bert
table,off,on,on,0.031896,0.201993,0.418957,0.083571,0.15545,21.697674,longformer_ext
table,off,on,on,0.015861,0.117957,0.336474,0.075574,0.15074,24.169333,t5
table,off,on,on,0.0111,0.138079,0.364238,0.097345,0.139073,26.640833,bart
table,off,on,on,0.011871,0.216977,0.449327,0.099361,0.161588,21.488688,bert
table,off,on,on,0.007526,0.1863,0.411552,0.072333,0.151625,21.886677,longformer_ext
table,off,on,on,0.005419,0.123405,0.333712,0.07281,0.133939,28.072449,t5
table,off,on,on,0.025696,0.152739,0.348968,0.099624,0.172608,33.577566,bart
table,off,on,on,0.036186,0.268505,0.490435,0.116077,0.178551,17.903157,bert
table,off,on,on,0.030561,0.213242,0.446943,0.09993,0.160225,33.07049,longformer_ext
table,off,on,on,0.006777,0.118545,0.291016,0.076321,0.136719,31.715354,t5
plot+table,off,on,on,0.016817,0.144023,0.383091,0.07947,0.169089,16.551384,bart
plot+table,off,on,on,0.025474,0.296364,0.466133,0.102115,0.168973,19.832151,bert
plot+table,off,on,on,0.033196,0.206439,0.443288,0.081335,0.145682,9.75074,longformer_ext
plot+table,off,on,on,0.013683,0.128513,0.348675,0.078322,0.167364,22.837045,t5
plot+table,off,on,on,0.005859,0.147193,0.394397,0.101512,0.148707,30.425171,bart
plot+table,off,on,on,0.016343,0.219702,0.43118,0.097046,0.162921,20.663065,bert
plot+table,off,on,on,0.009867,0.195853,0.448683,0.085532,0.152589,28.193997,longformer_ext
plot+table,off,on,on,0.003821,0.13181,0.333707,0.076319,0.138858,29.156667,t5
plot+table,off,on,on,0.014232,0.118977,0.316832,0.093254,0.142574,36.572138,bart
plot+table,off,on,on,0.036337,0.246296,0.489796,0.110745,0.179065,16.627486,bert
plot+table,off,on,on,0.032133,0.187472,0.442228,0.108243,0.156276,28.611423,longformer_ext
plot+table,off,on,on,0.001549,0.087788,0.236422,0.0619,0.119276,43.120192,t5
plot,on,on,on,0.008541,0.163339,0.423321,0.071156,0.17744,26.016758,bart
plot,on,on,on,0.016499,0.259041,0.435673,0.101025,0.162281,6.763221,bert
plot,on,on,on,0.020307,0.142434,0.354045,0.051704,0.150059,35.661955,longformer_ext
plot,on,on,on,0.007252,0.135111,0.366048,0.050532,0.122016,22.001849,t5
plot,on,on,on,0.00233,0.111219,0.298824,0.049528,0.134118,45.645045,bart
plot,on,on,on,0.024486,0.243132,0.496252,0.103604,0.172414,32.53711,bert
plot,on,on,on,0.01211,0.185387,0.445242,0.06295,0.132855,25.550975,longformer_ext
plot,on,on,on,0.000217,0.068093,0.217722,0.038071,0.108861,48.55631,t5
plot,on,on,on,0.011067,0.116532,0.295385,0.090442,0.153846,37.89034,bart
plot,on,on,on,0.022445,0.246331,0.515901,0.117481,0.180919,23.134217,bert
plot,on,on,on,0.016279,0.095005,0.221488,0.056291,0.097521,-40.613779,longformer_ext
plot,on,on,on,0.003298,0.104766,0.284536,0.07438,0.140206,32.976623,t5
table,on,on,on,0.020849,0.147872,0.389095,0.079503,0.156134,16.626284,bart
table,on,on,on,0.013939,0.276934,0.387366,0.081146,0.137068,7.421652,bert
table,on,on,on,0.027218,0.15266,0.350105,0.065126,0.144654,7.669773,longformer_ext
table,on,on,on,0.00332,0.11851,0.330729,0.023499,0.122396,28.927477,t5
table,on,on,on,0.00672,0.150699,0.369099,0.073118,0.137339,44.436552,bart
table,on,on,on,0.015664,0.218371,0.428471,0.07904,0.139535,20.434356,bert
table,on,on,on,0.011548,0.15839,0.378229,0.053604,0.134686,51.821726,longformer_ext
table,on,on,on,0.001365,0.101828,0.28238,0.049123,0.123687,45.732576,t5
table,on,on,on,0.005642,0.114381,0.321182,0.082922,0.155665,37.844632,bart
table,on,on,on,0.017092,0.248051,0.444713,0.102843,0.163142,23.414439,bert
table,on,on,on,0.006713,0.125237,0.327342,0.062559,0.14948,49.093301,longformer_ext
table,on,on,on,0.001082,0.081825,0.259574,0.046908,0.123404,38.40294,t5
plot+table,on,on,on,0.012863,0.173143,0.405868,0.090686,0.171149,18.231421,bart
plot+table,on,on,on,0.01877,0.282037,0.436601,0.09555,0.15817,9.600381,bert
plot+table,on,on,on,0.039283,0.210535,0.424795,0.100457,0.162261,18.53125,longformer_ext
plot+table,on,on,on,0.005553,0.13102,0.363878,0.050599,0.148738,29.147411,t5
plot+table,on,on,on,0.003559,0.129312,0.334091,0.059226,0.127273,44.828081,bart
plot+table,on,on,on,0.01405,0.226629,0.468182,0.086495,0.140909,27.009231,bert
plot+table,on,on,on,0.002655,0.097475,0.284038,0.054118,0.122066,48.6375,longformer_ext
plot+table,on,on,on,0.002509,0.099908,0.319173,0.06214,0.126292,42.207217,t5
plot+table,on,on,on,0.004976,0.111077,0.27532,0.049261,0.129794,24.585965,bart
plot+table,on,on,on,0.016805,0.242095,0.467144,0.102932,0.166558,16.444102,bert
plot+table,on,on,on,0.010095,0.116833,0.327899,0.052632,0.141304,15.896555,longformer_ext
plot+table,on,on,on,0.001574,0.090246,0.269311,0.060669,0.129436,39.421577,t5
plot,off,off,off,0.005871,0.094178,0.26138,0.067747,0.140969,16.9,bart
plot,off,off,off,0.011478,0.241109,0.471088,0.097104,0.19898,31.189583,bert
plot,off,off,off,0.027214,0.173809,0.415863,0.068743,0.158628,6.757398,longformer_ext
plot,off,off,off,0.007216,0.103008,0.282769,0.073855,0.150221,26.345625,t5
plot,off,off,off,0.003389,0.120514,0.328289,0.088681,0.125728,22.535323,bart
plot,off,off,off,0.017944,0.218865,0.476263,0.104294,0.179173,51.985469,bert
plot,off,off,off,0.00959,0.193083,0.47786,0.088725,0.147601,26.607226,longformer_ext
plot,off,off,off,0.002793,0.110079,0.305325,0.075919,0.125444,32.553335,t5
plot,off,off,off,0.003968,0.121788,0.306101,0.103627,0.155119,39.569837,bart
plot,off,off,off,0.042261,0.242146,0.523238,0.145646,0.197901,37.132904,bert
plot,off,off,off,0.035523,0.175645,0.426644,0.116554,0.185497,48.614057,longformer_ext
plot,off,off,off,0.001119,0.080367,0.223684,0.061538,0.111842,55.556,t5
table,off,off,off,0.017747,0.137548,0.375804,0.095484,0.177606,25.758784,bart
table,off,off,off,0.011803,0.267013,0.396907,0.086452,0.146907,18.043408,bert
table,off,off,off,0.02704,0.192796,0.375966,0.067068,0.145923,25.561939,longformer_ext
table,off,off,off,0.016535,0.132649,0.356671,0.071523,0.150594,15.794766,t5
table,off,off,off,0.007144,0.125995,0.327113,0.085809,0.129528,35.332512,bart
table,off,off,off,0.017988,0.211596,0.448625,0.115942,0.170767,25.756652,bert
table,off,off,off,0.006872,0.181084,0.426618,0.06758,0.144029,22.83097,longformer_ext
table,off,off,off,0.003491,0.098504,0.293427,0.075294,0.131455,31.155844,t5
table,off,off,off,0.012813,0.118807,0.324587,0.097371,0.157434,39.07437,bart
table,off,off,off,0.036222,0.257876,0.497436,0.1181,0.191026,22.16797,bert
table,off,off,off,0.008934,0.15012,0.365419,0.073214,0.149733,38.968912,longformer_ext
table,off,off,off,0.002138,0.080924,0.229232,0.03372,0.115668,53.201047,t5
plot+table,off,off,off,0.005479,0.138037,0.364123,0.05906,0.149933,24.496652,bart
plot+table,off,off,off,0.013133,0.250701,0.413364,0.080934,0.174048,22.84894,bert
plot+table,off,off,off,0.025708,0.164949,0.403189,0.073059,0.157175,21.195393,longformer_ext
plot+table,off,off,off,0.011701,0.110241,0.314483,0.06639,0.16,38.335051,t5
plot+table,off,off,off,0.001589,0.102095,0.281588,0.079614,0.12515,28.341541,bart
plot+table,off,off,off,0.013985,0.180225,0.444632,0.088061,0.182587,48.325423,bert
plot+table,off,off,off,0.01141,0.174924,0.416281,0.083411,0.151711,24.458241,longformer_ext
plot+table,off,off,off,0.000987,0.084357,0.254902,0.066339,0.110294,46.471104,t5
plot+table,off,off,off,0.004874,0.110606,0.298539,0.089958,0.158664,53.680004,bart
plot+table,off,off,off,0.05986,0.252017,0.502069,0.138122,0.195862,34.850833,bert
plot+table,off,off,off,0.014547,0.158984,0.401366,0.073567,0.157131,43.962616,longformer_ext
plot+table,off,off,off,0.000703,0.081794,0.221249,0.048299,0.122673,60.625678,t5
plot,on,off,off,0.008347,0.129789,0.346099,0.068279,0.167376,27.919674,bart
plot,on,off,off,0.029263,0.259705,0.471986,0.120748,0.179966,20.731794,bert
plot,on,off,off,0.031606,0.186332,0.448239,0.100535,0.177161,11.023742,longformer_ext
plot,on,off,off,0.000892,0.080292,0.268882,0.039394,0.117825,36.912177,t5
plot,on,off,off,0.003338,0.123763,0.313589,0.069849,0.139373,41.386667,bart
plot,on,off,off,0.019045,0.231143,0.490969,0.09375,0.157635,50.583984,bert
plot,on,off,off,0.009548,0.188358,0.443836,0.071363,0.133333,43.472935,longformer_ext
plot,on,off,off,0.000617,0.073402,0.245963,0.039851,0.126708,63.890337,t5
plot,on,off,off,0.002017,0.102535,0.277837,0.095643,0.16755,38.547841,bart
plot,on,off,off,0.023072,0.227943,0.472136,0.122481,0.202786,37.715119,bert
plot,on,off,off,0.017115,0.16682,0.401434,0.123878,0.164875,34.521212,longformer_ext
plot,on,off,off,0.001348,0.084415,0.252448,0.067612,0.124048,43.147727,t5
table,on,off,off,0.021529,0.167369,0.414044,0.070388,0.174334,15.198089,bart
table,on,off,off,0.018667,0.270474,0.399505,0.092879,0.155844,11.038455,bert
table,on,off,off,0.028783,0.179566,0.33849,0.052871,0.147407,36.961399,longformer_ext
table,on,off,off,0.003775,0.121619,0.328553,0.036601,0.127771,45.080307,t5
table,on,off,off,0.001969,0.099392,0.27758,0.052319,0.123369,41.506352,bart
table,on,off,off,0.027328,0.233863,0.45948,0.096798,0.154647,27.640584,bert
table,on,off,off,0.003906,0.073941,0.192047,0.017493,0.083414,15.948732,longformer_ext
table,on,off,off,0.001459,0.084883,0.2586,0.047562,0.116251,44.251959,t5
table,on,off,off,0.01426,0.137525,0.333333,0.08498,0.159763,29.9575,bart
table,on,off,off,0.020556,0.248388,0.472527,0.122249,0.18315,22.321966,bert
table,on,off,off,0.010344,0.133404,0.367836,0.058269,0.150556,33.220146,longformer_ext
table,on,off,off,0.002553,0.103905,0.289181,0.062817,0.131446,35.976842,t5
plot+table,on,off,off,0.010368,0.1329,0.370565,0.079051,0.155059,29.097226,bart
plot+table,on,off,off,0.014994,0.236316,0.396213,0.083151,0.163146,18.316784,bert
plot+table,on,off,off,0.01277,0.152305,0.368085,0.049041,0.114894,32.025148,longformer_ext
plot+table,on,off,off,0.003754,0.110393,0.325,0.052925,0.122222,39.934741,t5
plot+table,on,off,off,0.001937,0.109445,0.286391,0.05694,0.127811,52.347468,bart
plot+table,on,off,off,0.013514,0.215871,0.484193,0.08,0.161398,42.13319,bert
plot+table,on,off,off,0.006113,0.137422,0.360887,0.048485,0.131048,52.505478,longformer_ext
plot+table,on,off,off,0.000665,0.084383,0.275362,0.05569,0.120773,57.1575,t5
plot+table,on,off,off,0.003019,0.09603,0.255144,0.05567,0.133745,33.210526,bart
plot+table,on,off,off,0.036803,0.218445,0.44507,0.114245,0.183099,31.422631,bert
plot+table,on,off,off,0.009345,0.141907,0.373094,0.077269,0.150673,39.208333,longformer_ext
plot+table,on,off,off,0.0011,0.066364,0.210066,0.057018,0.118162,48.770652,t5
plot,off,on,off,0.008938,0.114018,0.305278,0.077253,0.159772,20.587504,bart
plot,off,on,off,0.026607,0.256158,0.443299,0.108434,0.183849,19.410193,bert
plot,off,on,off,0.02941,0.200896,0.425579,0.088398,0.158765,23.560543,longformer_ext
plot,off,on,off,0.017038,0.140651,0.343407,0.090909,0.162088,20.46316,t5
plot,off,on,off,0.00194,0.102786,0.304556,0.091346,0.131894,37.730887,bart
plot,off,on,off,0.023163,0.226296,0.493365,0.111024,0.188915,34.070063,bert
plot,off,on,off,0.007434,0.195259,0.442029,0.072595,0.143116,21.065588,longformer_ext
plot,off,on,off,0.001945,0.08866,0.272506,0.065854,0.116788,35.076294,t5
plot,off,on,off,0.009446,0.117986,0.297297,0.1125,0.16632,48.703557,bart
plot,off,on,off,0.037399,0.247059,0.487805,0.115841,0.17561,18.849545,bert
plot,off,on,off,0.032103,0.158323,0.393133,0.101462,0.149356,32.000489,longformer_ext
plot,off,on,off,0.007651,0.107052,0.302968,0.084103,0.139202,40.499912,t5
table,off,on,off,0.026836,0.158442,0.396594,0.078049,0.160584,18.557168,bart
table,off,on,off,0.013124,0.239521,0.396761,0.082432,0.144399,13.183971,bert
table,off,on,off,0.034709,0.193632,0.371257,0.075407,0.136869,30.333033,longformer_ext
table,off,on,off,0.023714,0.161688,0.389175,0.095607,0.170103,16.834231,t5
table,off,on,off,0.005295,0.134608,0.364035,0.074725,0.131579,24.669513,bart
table,off,on,off,0.011446,0.217853,0.471167,0.098592,0.164557,22.467567,bert
table,off,on,off,0.008152,0.155628,0.375635,0.065107,0.144162,40.064301,longformer_ext
table,off,on,off,0.003177,0.111884,0.321387,0.069525,0.127168,29.258274,t5
table,off,on,off,0.009846,0.13126,0.323308,0.080979,0.140977,36.623941,bart
table,off,on,off,0.040632,0.26504,0.472599,0.116814,0.175604,14.980802,bert
table,off,on,off,0.008959,0.162518,0.36129,0.063005,0.13871,28.973686,longformer_ext
table,off,on,off,0.005117,0.105539,0.291016,0.056751,0.140625,65.113982,t5
plot+table,off,on,off,0.015067,0.132853,0.370565,0.081686,0.162943,20.167153,bart
plot+table,off,on,off,0.016717,0.258403,0.415205,0.09224,0.163743,24.362067,bert
plot+table,off,on,off,0.029846,0.1769,0.377637,0.069767,0.14346,31.152102,longformer_ext
plot+table,off,on,off,0.012153,0.129291,0.346369,0.061625,0.153631,34.373409,t5
plot+table,off,on,off,0.001098,0.095185,0.26506,0.067633,0.115663,24.922436,bart
plot+table,off,on,off,0.015776,0.194223,0.436587,0.089299,0.167563,28.185952,bert
plot+table,off,on,off,0.009358,0.158509,0.365766,0.046931,0.127928,40.397146,longformer_ext
plot+table,off,on,off,0.000963,0.092827,0.280532,0.065455,0.116082,43.534091,t5
plot+table,off,on,off,0.003621,0.105402,0.299497,0.068479,0.132663,42.240997,bart
plot+table,off,on,off,0.054868,0.267173,0.514248,0.144658,0.197482,19.557156,bert
plot+table,off,on,off,0.002956,0.08778,0.271062,0.049541,0.120879,30.999274,longformer_ext
plot+table,off,on,off,0.003149,0.097821,0.285128,0.06372,0.131282,49.956413,t5
plot,off,off,on,0.020417,0.163426,0.393359,0.09475,0.173691,27.961879,bart
plot,off,off,on,0.024279,0.265791,0.477752,0.098514,0.173302,23.317714,bert
plot,off,off,on,0.01444,0.194575,0.40592,0.067797,0.133192,16.101752,longformer_ext
plot,off,off,on,0.017104,0.133813,0.34492,0.075067,0.152406,26.433638,t5
plot,off,off,on,0.002655,0.110495,0.311321,0.08747,0.129717,28.109012,bart
plot,off,off,on,0.025909,0.238724,0.517537,0.132709,0.199532,37.014706,bert
plot,off,off,on,0.010387,0.207149,0.473059,0.084172,0.155251,27.934545,longformer_ext
plot,off,off,on,0.004205,0.122623,0.337156,0.087356,0.144495,39.404647,t5
plot,off,off,on,0.00796,0.125111,0.275789,0.113924,0.153684,42.092561,bart
plot,off,off,on,0.040794,0.264705,0.504555,0.130526,0.189208,22.550751,bert
plot,off,off,on,0.008862,0.121788,0.307692,0.0681,0.152057,43.165,longformer_ext
plot,off,off,on,0.002474,0.105548,0.271865,0.069694,0.124341,40.377184,t5
table,off,off,on,0.025491,0.171558,0.417453,0.096927,0.17217,19.741447,bart
table,off,off,on,0.016084,0.274517,0.397436,0.094994,0.148718,19.480239,bert
table,off,off,on,0.027403,0.193454,0.39636,0.046606,0.16178,14.749224,longformer_ext
table,off,off,on,0.020653,0.137941,0.357683,0.050505,0.143577,40.67103,t5
table,off,off,on,0.00575,0.123426,0.327314,0.085973,0.130926,32.842358,bart
table,off,off,on,0.016144,0.20466,0.455331,0.108225,0.170029,25.537715,bert
table,off,off,on,0.019186,0.198808,0.461538,0.103354,0.144796,26.145625,longformer_ext
table,off,off,on,0.00351,0.109322,0.310185,0.081206,0.138889,36.387172,t5
table,off,off,on,0.020016,0.146598,0.347667,0.093492,0.168344,44.802052,bart
table,off,off,on,0.029781,0.260616,0.486683,0.128485,0.182809,18.47038,bert
table,off,off,on,0.008758,0.150142,0.346405,0.07856,0.148693,59.571207,longformer_ext
table,off,off,on,0.005668,0.126594,0.320626,0.066601,0.148583,42.212138,t5
plot+table,off,off,on,0.008141,0.171882,0.413181,0.088945,0.185044,30.460976,bart
plot+table,off,off,on,0.021611,0.291185,0.458781,0.09476,0.176344,20.274773,bert
plot+table,off,off,on,0.028404,0.182285,0.377985,0.072841,0.15784,22.204862,longformer_ext
plot+table,off,off,on,0.012339,0.11421,0.308762,0.066946,0.130737,26.838992,t5
plot+table,off,off,on,0.002942,0.125769,0.377607,0.092409,0.133919,35.431645,bart
plot+table,off,off,on,0.019317,0.23644,0.500354,0.116395,0.174344,27.776526,bert
plot+table,off,off,on,0.009625,0.182823,0.43938,0.071233,0.147675,41.889754,longformer_ext
plot+table,off,off,on,0.002753,0.107571,0.319908,0.071511,0.128884,35.567334,t5
plot+table,off,off,on,0.008274,0.134949,0.344693,0.089756,0.167478,50.80447,bart
plot+table,off,off,on,0.062832,0.272817,0.542216,0.130779,0.21504,30.243387,bert
plot+table,off,off,on,0.015499,0.146607,0.38009,0.083409,0.155656,42.598275,longformer_ext
plot+table,off,off,on,0.004391,0.106947,0.312185,0.074672,0.143001,50.026459,t5
plot,on,off,on,0.009836,0.162407,0.404092,0.076923,0.176471,25.412276,bart
plot,on,off,on,0.018448,0.271405,0.463679,0.111455,0.177743,18.193384,bert
plot,on,off,on,0.027441,0.163672,0.393089,0.082251,0.149028,11.001383,longformer_ext
plot,on,off,on,0.002764,0.113354,0.343575,0.058824,0.131285,29.803157,t5
plot,on,off,on,0.002648,0.11281,0.293491,0.075919,0.125444,45.753744,bart
plot,on,off,on,0.016915,0.239358,0.481397,0.091255,0.147304,31.357106,bert
plot,on,off,on,0.007066,0.161942,0.368897,0.067029,0.144665,49.08909,longformer_ext
plot,on,off,on,0.00057,0.078395,0.264706,0.051597,0.122549,52.426424,t5
plot,on,off,on,0.001744,0.088955,0.258824,0.072883,0.13262,26.155839,bart
plot,on,off,on,0.031344,0.247866,0.495119,0.117318,0.189679,21.793631,bert
plot,on,off,on,0.017308,0.174891,0.459044,0.095726,0.191126,44.521976,longformer_ext
plot,on,off,on,0.002898,0.095892,0.29653,0.071654,0.147213,51.272269,t5
table,on,off,on,0.014422,0.175259,0.41958,0.079439,0.16317,25.647037,bart
table,on,off,on,0.014014,0.273836,0.39407,0.08658,0.142063,14.800575,bert
table,on,off,on,0.034283,0.20611,0.400706,0.079576,0.142983,24.061866,longformer_ext
table,on,off,on,0.003729,0.119852,0.337766,0.048,0.12766,31.967411,t5
table,on,off,on,0.002542,0.10361,0.274971,0.047114,0.119859,52.649161,bart
table,on,off,on,0.015131,0.216555,0.448669,0.079208,0.135361,24.915945,bert
table,on,off,on,0.016595,0.179584,0.404059,0.062847,0.123616,37.694222,longformer_ext
table,on,off,on,0.00102,0.085869,0.26635,0.047676,0.111772,36.775192,t5
table,on,off,on,0.01667,0.152368,0.349176,0.103013,0.184287,35.931201,bart
table,on,off,on,0.022773,0.231665,0.46124,0.121604,0.173127,22.419123,bert
table,on,off,on,0.016367,0.148309,0.347009,0.077055,0.150427,28.243947,longformer_ext
table,on,off,on,0.002019,0.091888,0.247335,0.053419,0.134328,30.848139,t5
plot+table,on,off,on,0.018112,0.17675,0.409326,0.085714,0.165803,14.607077,bart
plot+table,on,off,on,0.02067,0.270708,0.435786,0.105491,0.17316,9.4147,bert
plot+table,on,off,on,0.028436,0.164566,0.393873,0.072368,0.166302,29.899548,longformer_ext
plot+table,on,off,on,0.010562,0.132285,0.377551,0.058824,0.140306,29.028892,t5
plot+table,on,off,on,0.00348,0.12371,0.31106,0.055427,0.138249,44.070592,bart
plot+table,on,off,on,0.01453,0.224121,0.452239,0.070254,0.141791,35.555127,bert
plot+table,on,off,on,0.00609,0.163013,0.399625,0.050752,0.142589,46.356737,longformer_ext
plot+table,on,off,on,0.000777,0.08346,0.248768,0.05679,0.12069,50.496818,t5
plot+table,on,off,on,0.006015,0.11007,0.304609,0.078313,0.148297,41.598869,bart
plot+table,on,off,on,0.014784,0.234154,0.464507,0.100759,0.172295,19.433508,bert
plot+table,on,off,on,0.009464,0.138643,0.340426,0.072289,0.13136,46.176746,longformer_ext
plot+table,on,off,on,0.002039,0.10015,0.26903,0.068966,0.1439,48.206046,t5
plot,on,on,off,0.014953,0.140103,0.354497,0.071618,0.161376,16.205988,bart
plot,on,on,off,0.031097,0.249827,0.450933,0.118603,0.176805,13.099497,bert
plot,on,on,off,0.001742,0.094304,0.254593,0.034211,0.086614,4.180675,longformer_ext
plot,on,on,off,0.006166,0.12286,0.328729,0.058172,0.129834,30.312253,t5
plot,on,on,off,0.00185,0.105675,0.249711,0.048667,0.115607,45.286129,bart
plot,on,on,off,0.021332,0.248235,0.537143,0.114473,0.161633,40.732879,bert
plot,on,on,off,0.009794,0.195965,0.432971,0.07441,0.150362,43.714286,longformer_ext
plot,on,on,off,0.000936,0.093608,0.297362,0.060096,0.131894,51.814906,t5
plot,on,on,off,0.002165,0.094983,0.258749,0.070138,0.135737,39.345682,bart
plot,on,on,off,0.03402,0.229798,0.491501,0.116312,0.177054,21.209233,bert
plot,on,on,off,0.012809,0.151239,0.379983,0.076466,0.14419,29.799401,longformer_ext
plot,on,on,off,0.002713,0.089728,0.27263,0.078975,0.136315,47.439108,t5
table,on,on,off,0.0126,0.170037,0.385236,0.062428,0.154556,24.642528,bart
table,on,on,off,0.015182,0.273204,0.378947,0.084309,0.135673,10.864136,bert
table,on,on,off,0.019877,0.134248,0.315444,0.043908,0.131435,23.721855,longformer_ext
table,on,on,off,0.008553,0.123955,0.333755,0.025349,0.131479,40.142475,t5
table,on,on,off,0.003393,0.107277,0.274688,0.036405,0.106697,19.371063,bart
table,on,on,off,0.031394,0.228241,0.425591,0.083565,0.1363,17.379125,bert
table,on,on,off,0.015507,0.141825,0.332075,0.05293,0.132075,33.29688,longformer_ext
table,on,on,off,0.002176,0.091627,0.27381,0.047733,0.12381,43.384258,t5
table,on,on,off,0.003309,0.108289,0.294527,0.065803,0.139303,29.080386,bart
table,on,on,off,0.018674,0.218808,0.437458,0.09645,0.175251,17.04186,bert
table,on,on,off,0.01077,0.142507,0.365093,0.078501,0.142476,34.040345,longformer_ext
table,on,on,off,0.002304,0.076293,0.220807,0.057447,0.116773,31.114174,t5
plot+table,on,on,off,0.012627,0.159802,0.414303,0.071693,0.165228,19.159118,bart
plot+table,on,on,off,0.013667,0.255788,0.425563,0.094545,0.159768,16.826351,bert
plot+table,on,on,off,0.028429,0.189792,0.422099,0.075305,0.165746,25.725623,longformer_ext
plot+table,on,on,off,0.002856,0.106702,0.323529,0.018767,0.117647,35.736174,t5
plot+table,on,on,off,0.00213,0.102703,0.282353,0.058962,0.129412,51.015318,bart
plot+table,on,on,off,0.023269,0.210058,0.461538,0.085427,0.14214,32.589409,bert
plot+table,on,on,off,0.004269,0.107901,0.268102,0.037255,0.109589,39.407376,longformer_ext
plot+table,on,on,off,0.000653,0.086924,0.266996,0.04461,0.118665,50.514273,t5
plot+table,on,on,off,0.00994,0.120721,0.292044,0.104945,0.155086,32.515739,bart
plot+table,on,on,off,0.055861,0.238084,0.473798,0.123652,0.179469,19.674709,bert
plot+table,on,on,off,0.000437,0.065521,0.200218,0.047983,0.095756,27.786932,longformer_ext
plot+table,on,on,off,0.001223,0.088819,0.254777,0.051064,0.131635,42.175885,t5
plot,off,on,on,0.016101,0.136561,0.354796,0.089592,0.144547,22.387332,bart
plot,off,on,on,0.023991,0.267557,0.466035,0.109177,0.169036,22.811992,bert
plot,off,on,on,0.026329,0.174153,0.40608,0.071817,0.160695,7.079327,longformer_ext
plot,off,on,on,0.011595,0.116422,0.317862,0.076164,0.14346,17.360526,t5
plot,off,on,on,0.004131,0.124186,0.337104,0.095238,0.138009,23.281732,bart
plot,off,on,on,0.018384,0.245705,0.498241,0.10148,0.17734,33.973167,bert
plot,off,on,on,0.008571,0.171582,0.430983,0.089552,0.144985,31.971572,longformer_ext
plot,off,on,on,0.005137,0.136636,0.374439,0.074157,0.139013,36.857591,t5
plot,off,on,on,0.008234,0.145572,0.3485,0.095053,0.14908,30.191823,bart
plot,off,on,on,0.028828,0.24473,0.473077,0.115533,0.176923,9.341982,bert
plot,off,on,on,1.1e-05,0.038278,0.166333,0.02008,0.096192,21.096346,longformer_ext
plot,off,on,on,0.00207,0.089535,0.253461,0.057631,0.119276,50.010417,t5
table,off,on,on,0.012821,0.171856,0.436321,0.070922,0.160377,23.462769,bart
table,off,on,on,0.020219,0.268625,0.39951,0.094479,0.148284,13.308978,bert
table,off,on,on,0.000106,0.01365,0.060284,0.003559,0.028369,19.1,longformer_ext
table,off,on,on,0.021372,0.154705,0.395522,0.057357,0.146766,34.200472,t5
table,off,on,on,0.003978,0.130824,0.353201,0.073009,0.130243,39.145893,bart
table,off,on,on,0.012656,0.226529,0.458791,0.093535,0.166209,22.386646,bert
table,off,on,on,0.009182,0.177819,0.398902,0.071494,0.140897,18.467115,longformer_ext
table,off,on,on,0.004016,0.113452,0.326812,0.078431,0.128884,30.781154,t5
table,off,on,on,0.023434,0.149443,0.372311,0.095595,0.168382,45.116846,bart
table,off,on,on,0.02936,0.261297,0.474099,0.111612,0.168919,19.953814,bert
table,off,on,on,0.024144,0.202516,0.459893,0.107116,0.161956,29.890485,longformer_ext
table,off,on,on,0.005324,0.112149,0.300403,0.064646,0.141129,47.632119,t5
plot+table,off,on,on,0.022734,0.166112,0.4266,0.08805,0.17064,25.909026,bart
plot+table,off,on,on,0.023625,0.267016,0.44,0.098712,0.161429,12.972863,bert
plot+table,off,on,on,0.015418,0.196442,0.435501,0.070321,0.136223,29.55986,longformer_ext
plot+table,off,on,on,0.022253,0.165501,0.380587,0.074264,0.168582,13.880889,t5
plot+table,off,on,on,0.003037,0.133327,0.361204,0.084916,0.142698,25.025909,bart
plot+table,off,on,on,0.014651,0.224006,0.448179,0.107994,0.165266,24.780589,bert
plot+table,off,on,on,0.006552,0.164303,0.414449,0.08381,0.148289,24.314389,longformer_ext
plot+table,off,on,on,0.004363,0.111587,0.30289,0.081112,0.120231,21.339705,t5
plot+table,off,on,on,0.013257,0.127452,0.331373,0.102161,0.156863,48.084118,bart
plot+table,off,on,on,0.028856,0.269818,0.487864,0.103281,0.175971,16.503301,bert
plot+table,off,on,on,0.00183,0.086502,0.241993,0.017825,0.106762,42.209385,longformer_ext
plot+table,off,on,on,0.007583,0.108365,0.275287,0.077325,0.139729,56.913262,t5
plot,on,on,on,0.01937,0.173685,0.445013,0.094872,0.186701,33.802662,bart
plot,on,on,on,0.019073,0.281985,0.443667,0.107919,0.170749,9.247032,bert
plot,on,on,on,0.028143,0.170077,0.414608,0.07535,0.167562,31.738474,longformer_ext
plot,on,on,on,0.0065,0.133309,0.383489,0.058745,0.135819,41.115294,t5
plot,on,on,on,0.002474,0.100217,0.28033,0.047226,0.120141,43.077071,bart
plot,on,on,on,0.020708,0.229216,0.489329,0.108397,0.164634,28.835375,bert
plot,on,on,on,0.004785,0.118809,0.319664,0.04215,0.136698,51.265696,longformer_ext
plot,on,on,on,0.000397,0.070048,0.241509,0.045397,0.115723,49.317322,t5
plot,on,on,on,0.00517,0.090317,0.250263,0.086407,0.132492,40.614228,bart
plot,on,on,on,0.022483,0.256644,0.519191,0.129979,0.174459,20.742895,bert
plot,on,on,on,0.022096,0.172504,0.427234,0.105712,0.161702,33.291875,longformer_ext
plot,on,on,on,0.005404,0.101835,0.271399,0.073222,0.133612,26.465,t5
table,on,on,on,0.026142,0.185403,0.429213,0.087838,0.170787,12.2237,bart
table,on,on,on,0.020829,0.275306,0.372225,0.094587,0.135458,13.206645,bert
table,on,on,on,0.02609,0.181278,0.385129,0.057307,0.163966,29.424184,longformer_ext
table,on,on,on,0.009554,0.14237,0.379747,0.043147,0.131646,31.452965,t5
table,on,on,on,0.004125,0.127893,0.319032,0.052922,0.123212,37.885105,bart
table,on,on,on,0.012666,0.230842,0.433818,0.086051,0.1386,15.176636,bert
table,on,on,on,0.011149,0.14911,0.358974,0.063241,0.136095,51.558649,longformer_ext
table,on,on,on,0.002427,0.101845,0.302108,0.051643,0.124122,48.100682,t5
table,on,on,on,0.009626,0.11421,0.301775,0.065217,0.140039,29.653333,bart
table,on,on,on,0.018178,0.255948,0.468032,0.095712,0.168839,22.930874,bert
table,on,on,on,0.007646,0.119805,0.326107,0.09254,0.147031,42.632348,longformer_ext
table,on,on,on,0.000559,0.073237,0.21098,0.032362,0.10549,22.448306,t5
plot+table,on,on,on,0.023082,0.179957,0.427704,0.075518,0.17983,24.492183,bart
plot+table,on,on,on,0.024165,0.279022,0.426144,0.090314,0.155556,7.893886,bert
plot+table,on,on,on,0.032806,0.205378,0.426923,0.088632,0.161538,20.328683,longformer_ext
plot+table,on,on,on,0.007805,0.151904,0.383202,0.060526,0.149606,18.8575,t5
plot+table,on,on,on,0.003159,0.125258,0.316249,0.04153,0.130862,33.559784,bart
plot+table,on,on,on,0.011679,0.245629,0.482708,0.097273,0.14128,24.835647,bert
plot+table,on,on,on,0.007012,0.153641,0.39604,0.061508,0.146535,50.122241,longformer_ext
plot+table,on,on,on,0.002353,0.109817,0.335946,0.065095,0.134378,51.889577,t5
plot+table,on,on,on,0.01024,0.136443,0.376923,0.096339,0.171154,32.074908,bart
plot+table,on,on,on,0.022016,0.246917,0.479947,0.113232,0.180145,18.710467,bert
plot+table,on,on,on,0.010916,0.145824,0.380122,0.076856,0.142982,29.707166,longformer_ext
plot+table,on,on,on,0.00731,0.114424,0.325397,0.079523,0.154762,46.324176,t5
